sub_district_id,cases_prop
11,0.137495735
11_betshemesh,0.012623678
21,0.010917776
22,0.006482429
23,0.037188673
24,0.018082566
29,0.003411805
31,0.032753327
32,0.013306039
41,0.038894575
42,0.107471853
43,0.051518253
44,0.06345957
51_tlv,0.071989082
51,0.099283521
51_bb,0.091095189
61,0.067553736
62,0.050835892
62_arab,0.001705902
71,0.083930399
