Age,risk,pr_hospital
0-4,High,0.029021973
5-9,High,0.025129452
10-19,High,0.025129452
20-29,High,0.045566161
30-39,High,0.113915402
40-49,High,0.136698483
50-59,High,0.163550721
60-69,High,0.207688153
70+,High,0.18473853
0-4,Low,0.00689358
5-9,Low,0.005968991
10-19,Low,0.005968991
20-29,Low,0.010823316
30-39,Low,0.02705829
40-49,Low,0.032469948
50-59,Low,0.038848152
60-69,Low,0.049332103
70+,Low,0.043880886
