Age,risk,pr_hosp
0-4,High,0.2
05-Sep,High,0
Oct-19,High,0
20-29,High,0.195652174
30-39,High,0.259259259
40-49,High,0.276190476
50-59,High,0.300925926
60-69,High,0.328125
70+,High,0.530892449
0-4,Low,0.061776062
05-Sep,Low,0.008928571
Oct-19,Low,0.032407407
20-29,Low,0.081551287
30-39,Low,0.104686549
40-49,Low,0.142265193
50-59,Low,0.178143713
60-69,Low,0.263888889
70+,Low,0.523616734
