,num_positives,mortality,vent_pr
0-4,250.02,0.0,0.0
5-9,250.02,0.0,0.0
10-19,1375.11,0.0,0.0
20-29,2875.23,2.8174603174603177,0.0009799078047531215
30-39,1875.1499999999999,2.8174603174603177,0.001502525300621453
40-49,1750.14,5.634920634920635,0.0032196970727602563
50-59,1750.14,10.0,0.005713828607997074
60-69,1375.11,30.992063492063494,0.022537879509321797
70+,1000.08,216.94444444444446,0.21692709027722226
